"","x"
"1","AL627309.6"
"2","AL627309.7"
"3","AL732372.3"
"4","AL732372.2"
"5","MIR6723"
"6","MTATP8P1"
"7","AL669831.3"
"8","LINC01128"
"9","TNFRSF18"
"10","AL139287.1"
"11","CCNL2"
"12","RN7SL657P"
"13","MORN1"
"14","C1orf174"
"15","MIR6728"
"16","ENO1"
"17","GPR157"
"18","H6PD"
"19","SPSB1"
"20","LZIC"
"21","KIF1B"
"22","PGD"
"23","AGTRAP"
"24","MFN2"
"25","TNFRSF1B"
"26","DHRS3"
"27","TMEM51-AS1"
"28","TMEM51"
"29","RSC1A1"
"30","DDI2"
"31","SLC25A34"
"32","SZRD1"
"33","SPATA21"
"34","AL137127.1"
"35","UBR4"
"36","AL035413.1"
"37","EMC1"
"38","PQLC2"
"39","CDA"
"40","ECE1"
"41","ZNF436"
"42","ASAP3"
"43","GALE"
"44","IFNLR1"
"45","STPG1"
"46","CLIC4"
"47","SDHDP6"
"48","LDLRAP1"
"49","SELENON"
"50","AL020996.1"
"51","AL020996.2"
"52","UBXN11"
"53","SLC9A1"
"54","TMEM222"
"55","SYTL1"
"56","GPR3"
"57","FGR"
"58","EYA3"
"59","SPCS2P4"
"60","AL137792.1"
"61","SESN2"
"62","PHACTR4"
"63","SNHG12"
"64","LAPTM5"
"65","AL451070.1"
"66","ZCCHC17"
"67","SPOCD1"
"68","PTP4A2"
"69","KPNA6"
"70","IQCC"
"71","MARCKSL1"
"72","BSDC1"
"73","YARS"
"74","AL513327.1"
"75","PHC2"
"76","TMEM35B"
"77","PSMB2"
"78","CLSPN"
"79","AGO3"
"80","COL8A2"
"81","SH3D21"
"82","LINC01137"
"83","MTF1"
"84","AL929472.2"
"85","INPP5B"
"86","UTP11"
"87","AL139260.1"
"88","RLF"
"89","AL031985.3"
"90","ZNF684"
"91","HIVEP3"
"92","FOXJ3"
"93","ATP6V1E1P1"
"94","TIE1"
"95","AL139289.1"
"96","MED8"
"97","SZT2-AS1"
"98","SZT2"
"99","TMEM53"
"100","ARMH1"
"101","PLK3"
"102","BTBD19"
"103","TESK2"
"104","CCDC17"
"105","AL604028.2"
"106","IPP"
"107","PIK3R3"
"108","FAAH"
"109","AL050343.1"
"110","BTF3L4"
"111","ZFYVE9"
"112","TUT4"
"113","YIPF1"
"114","MYSM1"
"115","JUN"
"116","LINC01358"
"117","USP1"
"118","SLC2A3P2"
"119","AK4"
"120","LEPROT"
"121","PDE4B"
"122","WDR78"
"123","ST6GALNAC3"
"124","PIGK"
"125","AC138392.1"
"126","MIGA1"
"127","IFI44L"
"128","AL138799.1"
"129","RPF1"
"130","AL359762.3"
"131","SPATA1"
"132","CTBS"
"133","AL359762.1"
"134","MCOLN3"
"135","BCL10"
"136","ODF2L"
"137","SH3GLB1"
"138","AC093155.1"
"139","LMO4"
"140","GBP3"
"141","GBP1"
"142","PTGES3P1"
"143","GBP2"
"144","GBP7"
"145","GBP4"
"146","AC099063.4"
"147","AC099063.1"
"148","GBP5"
"149","GBP1P1"
"150","LRRC8B"
"151","LRRC8C-DT"
"152","LRRC8D"
"153","TGFBR3"
"154","SETSIP"
"155","BTBD8"
"156","TMED5"
"157","CCDC18"
"158","DR1"
"159","DPYD-AS1"
"160","SEC63P1"
"161","DPYD"
"162","AC118553.2"
"163","MFSD14A"
"164","SLC30A7"
"165","RNPC3"
"166","AMY2B"
"167","AL390036.1"
"168","TAF13"
"169","SARS"
"170","SORT1"
"171","PSMA5"
"172","CSF1"
"173","AHCYL1"
"174","RBM15"
"175","AL365361.1"
"176","KCNA3"
"177","CD53"
"178","AL360270.1"
"179","LRIF1"
"180","AL360270.3"
"181","AL355816.2"
"182","CEPT1"
"183","DENND2D"
"184","CHI3L2"
"185","AL603832.1"
"186","MOV10"
"187","RHOC"
"188","AL603832.3"
"189","HIPK1"
"190","TRIM33"
"191","PKMP1"
"192","SIKE1"
"193","SLC22A15"
"194","ATP1A1"
"195","ATP1A1-AS1"
"196","NAP1L4P1"
"197","CD58"
"198","TENT5C"
"199","PNRC2P1"
"200","GDAP2"
"201","LINC00622"
"202","HSD3BP5"
"203","ZNF697"
"204","PHGDH"
"205","AC244669.2"
"206","PFN1P2"
"207","AC241952.1"
"208","FCGR1B"
"209","AC244453.2"
"210","FAM91A3P"
"211","FCGR1CP"
"212","AC239798.2"
"213","HIST2H2BB"
"214","FAM72D"
"215","LINC01145"
"216","POLR3C"
"217","RBM8A"
"218","LIX1L-AS1"
"219","SEC22B4P"
"220","PDIA3P1"
"221","PDE4DIP"
"222","AC245297.3"
"223","AC245297.1"
"224","LINC00869"
"225","FCGR1A"
"226","AC243772.2"
"227","HIST2H2BF"
"228","HIST2H2AA3"
"229","HIST2H2AA4"
"230","HIST2H2BE"
"231","MTMR11"
"232","OTUD7B"
"233","PLEKHO1"
"234","CIART"
"235","PRPF3"
"236","RPRD2"
"237","MCL1"
"238","PRUNE1"
"239","LYSMD1"
"240","PSMD4"
"241","S100A11"
"242","S100A9"
"243","S100A8"
"244","S100A16"
"245","S100A13"
"246","S100A1"
"247","AL162258.1"
"248","ILF2"
"249","GATAD2B"
"250","SLC39A1"
"251","AL358472.7"
"252","JTB"
"253","AL358472.2"
"254","AL358472.6"
"255","RAB13"
"256","C1orf43"
"257","HAX1"
"258","ATP8B2"
"259","ADAR"
"260","CKS1B"
"261","DCST1"
"262","EFNA1"
"263","SLC50A1"
"264","TRIM46"
"265","MUC1"
"266","AC234582.1"
"267","THBS3"
"268","GBA"
"269","ASH1L"
"270","AL355388.2"
"271","ARHGEF2"
"272","AL355388.3"
"273","IQGAP3"
"274","NES"
"275","CRABP2"
"276","RRNAD1"
"277","CD1D"
"278","MNDA"
"279","AIM2"
"280","FCRL6"
"281","SLAMF8"
"282","SNHG28"
"283","AL590560.1"
"284","SNHG28"
"285","CFAP45"
"286","TAGLN2"
"287","IGSF9"
"288","PEX19"
"289","COPA"
"290","AL121985.1"
"291","CD48"
"292","SLAMF7"
"293","LY9"
"294","USF1"
"295","DEDD"
"296","B4GALT3"
"297","FCER1G"
"298","FCGR3A"
"299","FCGR3B"
"300","FCRLA"
"301","ATF6"
"302","TMCO1"
"303","POU2F1"
"304","TIPRL"
"305","TBX19"
"306","ATP1B1"
"307","NME7"
"308","SCYL3"
"309","AL354732.1"
"310","GORAB"
"311","PRRX1"
"312","AL031274.1"
"313","VAMP4"
"314","SUCO"
"315","KLHL20"
"316","KIAA0040"
"317","RASAL2"
"318","XPR1"
"319","KIAA1614"
"320","KIAA1614-AS1"
"321","AL162431.2"
"322","STX6"
"323","MR1"
"324","GLUL"
"325","RGS16"
"326","NCF2"
"327","FAM129A"
"328","TPR"
"329","OCLM"
"330","PTGS2"
"331","RGS1"
"332","CDC73"
"333","EEF1A1P14"
"334","NEK7"
"335","PTPRC"
"336","ZNF281"
"337","DDX59"
"338","CAMSAP2"
"339","IGFN1"
"340","PHLDA3"
"341","AC096677.1"
"342","RPS10P7"
"343","NAV1"
"344","PPP1R12B"
"345","KDM5B"
"346","PPFIA4"
"347","CHI3L1"
"348","CHIT1"
"349","BTG2"
"350","AL513343.1"
"351","SOX13"
"352","PPP1R15B"
"353","MDM4"
"354","AL512306.2"
"355","LRRN2"
"356","TMEM81"
"357","RBBP5"
"358","ELK4"
"359","FAM72A"
"360","IKBKE"
"361","C1orf147"
"362","RASSF5"
"363","FCMR"
"364","CD55"
"365","CD46"
"366","MIR29B2CHG"
"367","IRF6"
"368","AC092017.1"
"369","SLC30A1"
"370","PPP2R5A"
"371","ATF3"
"372","ANGEL2"
"373","RPS6KC1"
"374","SMYD2"
"375","GPATCH2"
"376","RIMKLBP2"
"377","LYPLAL1"
"378","ZC3H11B"
"379","EPRS"
"380","RAB3GAP2"
"381","DUSP10"
"382","TAF1A"
"383","AL592148.3"
"384","MIA3"
"385","AIDA"
"386","GTF2IP20"
"387","FBXO28"
"388","CNIH4"
"389","LBR"
"390","ENAH"
"391","TMEM63A"
"392","PYCR2"
"393","SDE2"
"394","H3F3A"
"395","CDC42BPA"
"396","FTH1P2"
"397","RHOU"
"398","FAM89A"
"399","GNPAT"
"400","EGLN1"
"401","PCNX2"
"402","RBM34"
"403","ARID4B"
"404","GGPS1"
"405","LYST"
"406","AL359918.1"
"407","AL606534.1"
"408","AL606534.2"
"409","CEP170"
"410","SDCCAG8"
"411","AKT3"
"412","AL645465.1"
"413","ADSS"
"414","DESI2"
"415","EFCAB2"
"416","CNST"
"417","AHCTF1"
"418","OR2B11"
"419","PGBD2"
"420","AKR1C3"
"421","FAM208B"
"422","IL15RA"
"423","RBM17"
"424","SFMBT2"
"425","TAF3"
"426","GATA3"
"427","USP6NL"
"428","OPTN"
"429","FAM107B"
"430","HSPA14"
"431","MINDY3"
"432","PTER"
"433","C1QL3"
"434","AL133415.1"
"435","VIM"
"436","CACNB2"
"437","ARL5B"
"438","HNRNPRP1"
"439","DNAJC1"
"440","PSME2P6"
"441","AL158211.5"
"442","BMI1"
"443","MSRB2"
"444","YWHAZP3"
"445","OTUD1"
"446","ABI1"
"447","YME1L1"
"448","MASTL"
"449","RAB18"
"450","ZNF438"
"451","CCDC7"
"452","NAMPTP1"
"453","ZNF25"
"454","ZNF37A"
"455","AL117339.5"
"456","CSGALNACT2"
"457","ZNF32-AS1"
"458","ZNF32-AS2"
"459","ZNF32"
"460","ZFAND4"
"461","RHEBP1"
"462","AL356056.3"
"463","SHLD2P1"
"464","RHEBP2"
"465","MAPK8"
"466","SGMS1"
"467","UBE2D1"
"468","EGR2"
"469","NRBF2"
"470","JMJD1C"
"471","REEP3"
"472","DNA2"
"473","SLC25A16"
"474","RF00017"
"475","AIFM2"
"476","CEP57L1P1"
"477","PRF1"
"478","SLC29A3"
"479","CDH23"
"480","SPOCK2"
"481","ASCC1"
"482","ANAPC16"
"483","DDIT4-AS1"
"484","DDIT4"
"485","MICU1"
"486","MCU"
"487","FAM149B1"
"488","AC022400.5"
"489","BMS1P4"
"490","BMS1P4"
"491","SAMD8"
"492","ZMIZ1-AS1"
"493","ZMIZ1"
"494","PPIF"
"495","EIF5AL1"
"496","AL132656.4"
"497","NUTM2B-AS1"
"498","TMEM254"
"499","PRXL2A"
"500","TSPAN14"
"501","AL603756.1"
"502","GHITM"
"503","CCSER2"
"504","NUTM2A-AS1"
"505","MINPP1"
"506","ATAD1"
"507","IFIT5"
"508","PCGF5"
"509","CPEB3"
"510","MARCH5"
"511","EIF2S2P3"
"512","MYOF"
"513","PIPSL"
"514","ENTPD1"
"515","AL365273.1"
"516","AL365273.2"
"517","CC2D2B"
"518","ENTPD1-AS1"
"519","PIK3AP1"
"520","LCOR"
"521","FRAT1"
"522","AL355490.2"
"523","RRP12"
"524","PGAM1"
"525","UBTD1"
"526","GOT1"
"527","ENTPD7"
"528","ERLIN1"
"529","BLOC1S2"
"530","SCD"
"531","OLMALINC"
"532","FBXW4"
"533","NFKB2"
"534","PCGF6"
"535","TAF5"
"536","AL139339.2"
"537","CALHM2"
"538","SLK"
"539","GSTO1"
"540","GSTO2"
"541","AL162742.2"
"542","ITPRIP"
"543","CFAP58-DT"
"544","CFAP58"
"545","YWHAZP5"
"546","XIAPP1"
"547","RNU4-5P"
"548","XPNPEP1"
"549","MXI1"
"550","DUSP5"
"551","MIR4680"
"552","AL158163.1"
"553","BBIP1"
"554","SHOC2"
"555","ZDHHC6"
"556","VTI1A"
"557","AL158212.5"
"558","AL158212.3"
"559","AL158212.2"
"560","TCF7L2"
"561","CASP7"
"562","DCLRE1A"
"563","NHLRC2"
"564","ADRB1"
"565","CCDC186"
"566","ABLIM1"
"567","RAB11FIP2"
"568","SFXN4"
"569","INPP5F"
"570","C10orf88"
"571","ABRAXAS2"
"572","DHX32"
"573","PPP2R2D"
"574","AL360181.3"
"575","MTG1"
"576","SPRN"
"577","IFITM1"
"578","MIR210HG"
"579","IRF7"
"580","EPS8L2"
"581","AP006621.3"
"582","SLC25A22"
"583","CRACR2B"
"584","CD151"
"585","AC068580.3"
"586","AC068580.4"
"587","CTSD"
"588","TNNI2"
"589","ASCL2"
"590","CARS-AS1"
"591","CARS"
"592","STIM1"
"593","TRIM21"
"594","OR52K3P"
"595","TRIM34"
"596","TRIM6-TRIM34"
"597","TRIM22"
"598","APBB1"
"599","DNHD1"
"600","TAF10"
"601","AC091564.4"
"602","DCHS1"
"603","GVINP1"
"604","NRIP3"
"605","DENND5A"
"606","TMEM41B"
"607","WEE1"
"608","ADM"
"609","AMPD3"
"610","EIF4G2"
"611","ZBED5"
"612","USP47"
"613","FAR1"
"614","AC018523.2"
"615","PSMA1"
"616","PDE3B"
"617","CYP2R1"
"618","C11orf58"
"619","LIN7C"
"620","AL035078.4"
"621","AL078612.1"
"622","RCN1"
"623","HIPK3"
"624","PDHX"
"625","CD44-AS1"
"626","CD44"
"627","SLC1A2"
"628","AC068205.2"
"629","AC087521.4"
"630","HSD17B12"
"631","AC087521.2"
"632","AC010768.1"
"633","CD82"
"634","MDK"
"635","ATG13"
"636","CKAP5"
"637","AC090589.1"
"638","ACP2"
"639","NR1H3"
"640","MYBPC3"
"641","SLC39A13"
"642","PSMC3"
"643","RAPSN"
"644","PTPMT1"
"645","NDUFS3"
"646","FNBP4"
"647","TNKS1BP1"
"648","PRG2"
"649","AP000781.2"
"650","SLC43A3"
"651","RTN4RL2"
"652","AP002893.1"
"653","SMTNL1"
"654","UBE2L6"
"655","RPS4XP13"
"656","SERPING1"
"657","YPEL4"
"658","AP000662.1"
"659","ZDHHC5"
"660","LPXN"
"661","AP001350.1"
"662","FAM111A"
"663","AP000442.2"
"664","PATL1"
"665","PRPF19"
"666","TMEM109"
"667","TMEM132A"
"668","SLC15A3"
"669","VPS37C"
"670","FADS3"
"671","BEST1"
"672","FTH1"
"673","AP003733.4"
"674","RCC2P6"
"675","TMEM179B"
"676","NXF1"
"677","SLC3A2"
"678","STIP1"
"679","NUDT22"
"680","AP001453.1"
"681","AP001453.2"
"682","AP001453.3"
"683","PRDX5"
"684","BATF2"
"685","MRPL49"
"686","AP000944.2"
"687","AP000769.1"
"688","RF01871"
"689","RF01684"
"690","MALAT1"
"691","RELA"
"692","AP5B1"
"693","OVOL1"
"694","EIF1AD"
"695","CST6"
"696","AP001107.4"
"697","KDM2A"
"698","POLD4"
"699","AP003419.1"
"700","CLCF1"
"701","TBC1D10C"
"702","CARNS1"
"703","TCIRG1"
"704","AP002807.1"
"705","CHKA"
"706","PPP6R3"
"707","GAL"
"708","IGHMBP2"
"709","CCND1"
"710","PPFIA1"
"711","CTTN"
"712","FOLR3"
"713","AP000593.4"
"714","CLPB"
"715","ARAP1-AS2"
"716","AP000763.3"
"717","FAM168A"
"718","RAB6A"
"719","C2CD3"
"720","PPME1"
"721","AP001372.3"
"722","KCNE3"
"723","AP001324.1"
"724","SPCS2"
"725","DGAT2"
"726","WNT11"
"727","TSKU"
"728","CAPN5"
"729","FTH1P16"
"730","RSF1"
"731","AP000873.2"
"732","TMEM126A"
"733","CREBZF"
"734","TMEM135"
"735","NAALAD2"
"736","SLC36A4"
"737","SMCO4"
"738","CEP295"
"739","PIWIL4"
"740","KDM4D"
"741","AP000779.1"
"742","MAML2"
"743","JRKL"
"744","CASP4"
"745","CASP5"
"746","MSANTD4"
"747","AASDHPPT"
"748","CUL5"
"749","AP002433.1"
"750","ZC3H12C"
"751","RDX"
"752","FDX1"
"753","PPP2R1B"
"754","DIXDC1"
"755","DLAT"
"756","PIH1D2"
"757","IL18"
"758","KCTD9P4"
"759","NCAM1"
"760","ATF4P4"
"761","USP28"
"762","LINC00900"
"763","BUD13"
"764","SIK3"
"765","MPZL3"
"766","MPZL2"
"767","UBE4A"
"768","ARCN1"
"769","PHLDB1"
"770","TREH"
"771","USP2"
"772","SC5D"
"773","CRTAM"
"774","ZNF202"
"775","TBRG1"
"776","SPA17"
"777","ROBO3"
"778","STT3A"
"779","NAP1L1P1"
"780","SRPRA"
"781","AP001318.1"
"782","AP001000.1"
"783","KCNJ1"
"784","C11orf45"
"785","APLP2"
"786","ACAD8"
"787","AC007406.4"
"788","SLC6A12"
"789","CCDC77"
"790","WNK1"
"791","OTUD4P1"
"792","PARP11"
"793","CCND2-AS1"
"794","CCND2"
"795","AC008012.1"
"796","VWF"
"797","CD9"
"798","TAPBPL"
"799","AC005840.4"
"800","VAMP1"
"801","AC006064.4"
"802","GAPDH"
"803","AC125494.1"
"804","ZNF384"
"805","MLF2"
"806","RPL13P5"
"807","DSTNP2"
"808","SPSB2"
"809","ENO2"
"810","C12orf57"
"811","PTPN6"
"812","C1S"
"813","C1R"
"814","C1RL"
"815","C1RL-AS1"
"816","CLSTN3"
"817","SLC2A14"
"818","SLC2A3"
"819","C3AR1"
"820","NECAP1"
"821","AC092865.4"
"822","AC092865.3"
"823","LINC00937"
"824","OR7E140P"
"825","CLEC6A"
"826","CLEC4D"
"827","CLEC4E"
"828","CD69"
"829","CLEC2B"
"830","OLR1"
"831","TMEM52B"
"832","AC115676.1"
"833","GABARAPL1"
"834","YBX3"
"835","ETV6"
"836","AC007537.1"
"837","BCL2L14"
"838","BORCS5"
"839","EMP1"
"840","PLBD1-AS1"
"841","MGST1"
"842","EEF1A1P4"
"843","PYROXD1"
"844","GOLT1B"
"845","CMAS"
"846","C2CD5"
"847","ETNK1"
"848","AC023796.2"
"849","AC026310.3"
"850","BCAT1"
"851","KRAS"
"852","RASSF8"
"853","BHLHE41"
"854","AC022509.3"
"855","SSPN"
"856","AC022509.1"
"857","MED21"
"858","STK38L"
"859","AC009318.1"
"860","FAR2"
"861","ERGIC2"
"862","TMTC1"
"863","DENND5B"
"864","DENND5B-AS1"
"865","AK4P3"
"866","AMN1"
"867","AC023157.3"
"868","BICD1"
"869","AC084824.1"
"870","ALG10"
"871","LINC02555"
"872","AC079630.1"
"873","LRRK2"
"874","GXYLT1"
"875","ZCRB1"
"876","PLEKHA8P1"
"877","AC008124.1"
"878","SCAF11"
"879","SLC38A1"
"880","SLC38A2"
"881","AMIGO2"
"882","RAPGEF3"
"883","SENP1"
"884","FKBP11"
"885","CCDC65"
"886","PRKAG1"
"887","RHEBL1"
"888","PRPF40B"
"889","FMNL3"
"890","TMBIM6"
"891","BCDIN3D-AS1"
"892","CSRNP2"
"893","SMAGP"
"894","ACVRL1"
"895","ACVR1B"
"896","ATG101"
"897","AC025259.1"
"898","TNS2"
"899","SPRYD3"
"900","EIF4A1P4"
"901","ZNF740"
"902","ITGB7"
"903","RARG"
"904","ESPL1"
"905","AC073611.1"
"906","SP1"
"907","PRR13"
"908","GPR84"
"909","ZNF385A"
"910","ITGA5"
"911","AC079313.1"
"912","TESPA1"
"913","METTL7B"
"914","ITGA7"
"915","RDH5"
"916","CD63"
"917","GDF11"
"918","AC023055.1"
"919","MMP19"
"920","CDK2"
"921","AC034102.1"
"922","RNF41"
"923","COQ10A"
"924","STAT2"
"925","ATP5F1B"
"926","PTGES3"
"927","MYO1A"
"928","NEMP1"
"929","NAB2"
"930","AC137834.2"
"931","SHMT2"
"932","MARS"
"933","AC022506.1"
"934","DDIT3"
"935","PIP4K2C"
"936","MARCH9"
"937","CYP27B1"
"938","METTL1"
"939","EEF1AKMT3"
"940","TSFM"
"941","AVIL"
"942","USP15"
"943","AC135279.2"
"944","XPOT"
"945","TBK1"
"946","AC025262.3"
"947","RASSF3"
"948","TBC1D30"
"949","LEMD3"
"950","RBMS1P1"
"951","MIR6502"
"952","HELB"
"953","DYRK2"
"954","AC078777.1"
"955","MDM1"
"956","LINC02384"
"957","RAP1B"
"958","AC020656.2"
"959","AC020656.1"
"960","LYZ"
"961","FRS2"
"962","RAB3IP"
"963","CNOT2"
"964","RAB21"
"965","CAPS2"
"966","AC011611.3"
"967","PHLDA1"
"968","NAP1L1"
"969","BBS10"
"970","OSBPL8"
"971","ZDHHC17"
"972","CSRP2"
"973","AC068993.1"
"974","TMTC2"
"975","TMTC3"
"976","AC024909.2"
"977","DUSP6"
"978","POC1B"
"979","ATP2B1-AS1"
"980","LINC01619"
"981","BTG1"
"982","AC025164.1"
"983","AC012085.1"
"984","AC023161.2"
"985","TMCC3"
"986","AC018475.1"
"987","AC007298.2"
"988","AC007298.1"
"989","LTA4H"
"990","CDK17"
"991","NEDD1"
"992","SLC9A7P1"
"993","TMPO-AS1"
"994","TMPO"
"995","AC084398.2"
"996","DRAM1"
"997","TDG"
"998","AC078819.1"
"999","EID3"
"1000","TXNRD1"
"1001","CHST11"
"1002","SLC41A2"
"1003","ALDH1L2"
"1004","WASHC4"
"1005","CKAP4"
"1006","TCP11L2"
"1007","BTBD11"
"1008","FICD"
"1009","SART3"
"1010","CORO1C"
"1011","USP30-AS1"
"1012","TRPV4"
"1013","ATP2A2"
"1014","HMGA1P3"
"1015","VPS29"
"1016","PPTC7"
"1017","AC002996.1"
"1018","ALDH2"
"1019","AC004551.1"
"1020","SDSL"
"1021","MED13L"
"1022","MAP1LC3B2"
"1023","AC131159.2"
"1024","TAOK3"
"1025","PRKAB1"
"1026","RNF10"
"1027","OASL"
"1028","P2RX7"
"1029","AC069209.1"
"1030","P2RX4"
"1031","CLIP1"
"1032","HCAR2"
"1033","AC026333.3"
"1034","HCAR3"
"1035","DENR"
"1036","AC027290.2"
"1037","RILPL2"
"1038","GTF2H3"
"1039","AC117503.4"
"1040","ATP6V0A2"
"1041","DNAH10OS"
"1042","UBC"
"1043","AC122688.3"
"1044","SLC15A4"
"1045","GLT1D1"
"1046","ADGRD1"
"1047","AC131212.2"
"1048","ANKLE2"
"1049","ZNF140"
"1050","ZNF268"
"1051","MPHOSPH8"
"1052","FTH1P7"
"1053","SPATA13"
"1054","AL359736.1"
"1055","NUP58"
"1056","CDK8"
"1057","USP12"
"1058","FLT1"
"1059","SLC7A1"
"1060","USPL1"
"1061","N4BP2L1"
"1062","N4BP2L2"
"1063","SPART"
"1064","PROSER1"
"1065","NHLRC3"
"1066","ELF1"
"1067","WBP4"
"1068","MTRF1"
"1069","NAA16"
"1070","RGCC"
"1071","VWA8"
"1072","DGKH"
"1073","EPSTI1"
"1074","CCDC122"
"1075","TSC22D1"
"1076","SNORA31"
"1077","TPT1"
"1078","RCN1P2"
"1079","TPT1-AS1"
"1080","LRCH1"
"1081","NAP1L4P3"
"1082","PSME2P2"
"1083","ARL11"
"1084","RNASEH2B"
"1085","FAM124A"
"1086","SERPINE3"
"1087","RPS4XP16"
"1088","INTS6-AS1"
"1089","AC000403.1"
"1090","FBXL3"
"1091","MYCBP2-AS1"
"1092","MYCBP2"
"1093","RNF219-AS1"
"1094","RNF219"
"1095","SPRY2"
"1096","TGDS"
"1097","UGGT2"
"1098","MBNL2"
"1099","LINC01232"
"1100","LIG4"
"1101","TNFSF13B"
"1102","RAB20"
"1103","ING1"
"1104","ANKRD10"
"1105","ATP11A"
"1106","LAMP1"
"1107","C13orf46"
"1108","AL355075.3"
"1109","PNP"
"1110","SLC7A7"
"1111","LRP10"
"1112","CARMIL3"
"1113","CPNE6"
"1114","PCK2"
"1115","PSME1"
"1116","AL136295.2"
"1117","PSME2"
"1118","IRF9"
"1119","AL136295.5"
"1120","REC8"
"1121","G2E3"
"1122","STRN3"
"1123","AP4S1"
"1124","HECTD1"
"1125","AL161665.1"
"1126","ARHGAP5"
"1127","BAZ1A"
"1128","SRP54"
"1129","AL049776.1"
"1130","FAM177A1"
"1131","AL121594.1"
"1132","PSMA6"
"1133","RALGAPA1"
"1134","AL109628.2"
"1135","TRAPPC6B"
"1136","AL132639.3"
"1137","MIA2"
"1138","KLHL28"
"1139","MIS18BP1"
"1140","KLHDC1"
"1141","RN7SL3"
"1142","LINC01588"
"1143","AL359397.2"
"1144","CDKL1"
"1145","MAP4K5"
"1146","SAV1"
"1147","PYGL"
"1148","TRIM9"
"1149","TMX1"
"1150","ERO1A"
"1151","STYX"
"1152","DDHD1"
"1153","CNIH1"
"1154","SAMD4A"
"1155","GCH1"
"1156","SOCS4"
"1157","LGALS3"
"1158","FBXO34"
"1159","EXOC5"
"1160","PSMA3"
"1161","RBM8B"
"1162","C14orf39"
"1163","PRKCH"
"1164","HIF1A-AS2"
"1165","PPP2R5E"
"1166","SYNE2"
"1167","PLEKHG3"
"1168","SPTB"
"1169","MAX"
"1170","AL135978.1"
"1171","ATP6V1D"
"1172","EIF2S1"
"1173","RDH11"
"1174","ZFP36L1"
"1175","DDX18P1"
"1176","SLC39A9"
"1177","SUSD6"
"1178","AC004825.2"
"1179","PCNX1"
"1180","RBM25"
"1181","PSEN1"
"1182","NUMB"
"1183","AC005280.3"
"1184","AC005280.2"
"1185","AC005280.1"
"1186","PNMA1"
"1187","AC005520.1"
"1188","ZNF410"
"1189","AC005480.1"
"1190","FAM161B"
"1191","ENTPD5"
"1192","ISCA2"
"1193","AL049780.1"
"1194","MLH3"
"1195","TMED10"
"1196","FOS"
"1197","AF111167.2"
"1198","GPATCH2L"
"1199","ANGEL1"
"1200","IRF2BPL"
"1201","TMED8"
"1202","ALKBH1"
"1203","GTF2A1"
"1204","SEL1L"
"1205","EIF3LP1"
"1206","FLRT2"
"1207","LINC02328"
"1208","GPR65"
"1209","AL157955.1"
"1210","FOXN3-AS1"
"1211","RPS6KA5"
"1212","GPR68"
"1213","PPP4R3A"
"1214","ATXN3"
"1215","CPSF2"
"1216","GOLGA5"
"1217","TMEM251"
"1218","GON7"
"1219","AL110118.2"
"1220","IFI27"
"1221","SERPINA1"
"1222","DICER1"
"1223","SETD3"
"1224","AL157871.2"
"1225","AL157871.4"
"1226","AL157871.3"
"1227","WARS"
"1228","RCOR1"
"1229","AMN"
"1230","TNFAIP2"
"1231","AL049840.1"
"1232","TDRD9"
"1233","RPS2P4"
"1234","WHAMMP3"
"1235","WHAMMP2"
"1236","SCG5"
"1237","GREM1"
"1238","EMC7"
"1239","PGBD4"
"1240","SLC12A6"
"1241","NOP10"
"1242","AC018868.1"
"1243","AC114546.3"
"1244","ZNF770"
"1245","AC116158.1"
"1246","RASGRP1"
"1247","KNSTRN"
"1248","GCHFR"
"1249","DNAJC17"
"1250","CHP1"
"1251","RTF1"
"1252","VPS39"
"1253","AC036103.1"
"1254","TMEM87A"
"1255","HAUS2"
"1256","LCMT2"
"1257","ZSCAN29"
"1258","MFAP1"
"1259","AC025043.1"
"1260","SPG11"
"1261","B2M"
"1262","TRIM69"
"1263","MIR147B"
"1264","AC025580.1"
"1265","C15orf48"
"1266","AC025580.2"
"1267","HMGN2P46"
"1268","AC090527.2"
"1269","SQOR"
"1270","AC084757.1"
"1271","SECISBP2L"
"1272","AC022306.1"
"1273","AC025040.2"
"1274","GABPB1-IT1"
"1275","GABPB1"
"1276","AC084756.1"
"1277","AC012100.2"
"1278","SPPL2A"
"1279","AP4E1"
"1280","GLDN"
"1281","AC066613.1"
"1282","AC066613.2"
"1283","SCG3"
"1284","LYSMD2"
"1285","AC090971.1"
"1286","TMOD3"
"1287","RAB27A"
"1288","PIGB"
"1289","CCPG1"
"1290","DNAAF4-CCPG1"
"1291","POLR2M"
"1292","AQP9"
"1293","ALDH1A2"
"1294","AC018904.1"
"1295","ADAM10"
"1296","MINDY2"
"1297","SLTM"
"1298","RNF111"
"1299","PIGHP1"
"1300","RORA"
"1301","RAB8B"
"1302","CA12"
"1303","USP3"
"1304","USP3-AS1"
"1305","PIF1"
"1306","AC103691.1"
"1307","ANKDD1A"
"1308","UBAP1L"
"1309","PDCD7"
"1310","SLC24A1"
"1311","AC011939.1"
"1312","MAP2K1"
"1313","SNAPC5"
"1314","MAP2K5"
"1315","FEM1B"
"1316","PAQR5"
"1317","AC027237.3"
"1318","TLE3"
"1319","UACA"
"1320","AC104938.1"
"1321","PKM"
"1322","PARP6"
"1323","AC009690.3"
"1324","ADPGK"
"1325","NPTN-IT1"
"1326","NPTN"
"1327","PML"
"1328","AC012435.1"
"1329","ARID3B"
"1330","ANP32BP1"
"1331","CSPG4"
"1332","FBXO22"
"1333","SCAPER"
"1334","PSTPIP1"
"1335","AC090181.1"
"1336","TSPAN3"
"1337","PSMA4"
"1338","MTHFS"
"1339","AC015871.3"
"1340","ST20"
"1341","ST20-MTHFS"
"1342","ST20-AS1"
"1343","BCL2A1"
"1344","ZFAND6"
"1345","MESD"
"1346","TLNRD1"
"1347","EFL1"
"1348","GOLGA6L9"
"1349","SEC11A"
"1350","ALPK3"
"1351","AC087286.3"
"1352","AC021739.4"
"1353","AKAP13"
"1354","AC021739.2"
"1355","ISG20"
"1356","HAPLN3"
"1357","AC103739.2"
"1358","LINC01578"
"1359","AC087633.2"
"1360","IGF1R"
"1361","SYNM"
"1362","LRRC28"
"1363","LINC02244"
"1364","AC015660.2"
"1365","MEF2A"
"1366","LYSMD4"
"1367","SELENOS"
"1368","PCSK6"
"1369","TM2D3"
"1370","RHBDF1"
"1371","MCRIP2"
"1372","CCDC154"
"1373","AL031600.1"
"1374","CRAMP1"
"1375","MSRB1"
"1376","AC005363.1"
"1377","MLST8"
"1378","ECI1"
"1379","AC141586.1"
"1380","TNFRSF12A"
"1381","IL32"
"1382","AC025283.2"
"1383","ZSCAN32"
"1384","DNAJA3"
"1385","AC012173.1"
"1386","AC010401.1"
"1387","ERCC4"
"1388","LINC02185"
"1389","TVP23CP2"
"1390","MRTFB"
"1391","BFAR"
"1392","AC026401.1"
"1393","C16orf45"
"1394","MARF1"
"1395","NDE1"
"1396","AF001548.2"
"1397","MYH11"
"1398","AC138811.1"
"1399","SMG1"
"1400","SMG1P3"
"1401","METTL9"
"1402","PRKCB"
"1403","ARHGAP17"
"1404","LCMT1-AS2"
"1405","NPIPB6"
"1406","APOBR"
"1407","NUPR1"
"1408","AC020765.2"
"1409","AC133550.1"
"1410","AC109460.2"
"1411","NFATC2IP"
"1412","SPNS1"
"1413","AC109460.3"
"1414","AC109460.4"
"1415","LAT"
"1416","AC009093.9"
"1417","SNX29P2"
"1418","SMG1P6"
"1419","BOLA2-SMG1P6"
"1420","PRRT2"
"1421","AC120114.3"
"1422","ASPHD1"
"1423","KCTD13"
"1424","AC093512.2"
"1425","ALDOA"
"1426","SMG1P5"
"1427","AC116348.3"
"1428","AC116348.2"
"1429","ITGAL"
"1430","AC135048.4"
"1431","HSD3B7"
"1432","STX1B"
"1433","STX4"
"1434","ZNF646"
"1435","ITGAX"
"1436","ITGAD"
"1437","ZNF720"
"1438","GPT2"
"1439","DNAJA2"
"1440","CNEP1R1"
"1441","AC007728.3"
"1442","NOD2"
"1443","AC007728.2"
"1444","CYLD"
"1445","CHD9"
"1446","MMP2"
"1447","LPCAT2"
"1448","CES1"
"1449","OGFOD1"
"1450","MT2A"
"1451","MT1E"
"1452","MT1M"
"1453","MT1F"
"1454","MT1H"
"1455","AC012181.1"
"1456","HERPUD1"
"1457","NLRC5"
"1458","AC009090.6"
"1459","RSPRY1"
"1460","COQ9"
"1461","KATNB1"
"1462","CFAP20"
"1463","AC010542.5"
"1464","CKLF"
"1465","CKLF-CMTM1"
"1466","CMTM1"
"1467","PDP2"
"1468","C16orf70"
"1469","ELMO3"
"1470","TMEM208"
"1471","PLEKHG4"
"1472","CTCF"
"1473","AC040162.1"
"1474","PSMB10"
"1475","SNTB2"
"1476","AC012321.1"
"1477","NFAT5"
"1478","NPIPB14P"
"1479","PDXDC2P-NPIPB14P"
"1480","CLEC18C"
"1481","AARS"
"1482","DDX19B"
"1483","AC020763.3"
"1484","VAC14"
"1485","ZNF19"
"1486","PSMD7"
"1487","AC009120.2"
"1488","MLKL"
"1489","TMEM170A"
"1490","KARS"
"1491","TERF2IP"
"1492","AC092718.4"
"1493","CENPN"
"1494","AC092718.2"
"1495","ATMIN"
"1496","MLYCD"
"1497","AC009119.2"
"1498","HSDL1"
"1499","DNAAF1"
"1500","USP10"
"1501","AC025280.3"
"1502","CRISPLD2"
"1503","IRF8"
"1504","FBXO31"
"1505","MAP1LC3B"
"1506","AC126696.2"
"1507","SLC7A5"
"1508","AC137932.1"
"1509","VPS9D1-AS1"
"1510","VPS9D1"
"1511","FANCA"
"1512","AFG3L1P"
"1513","GAS8"
"1514","FAM157C"
"1515","AC240565.1"
"1516","INPP5K"
"1517","TLCD2"
"1518","AC090617.5"
"1519","NCBP3"
"1520","TXNP4"
"1521","USP6"
"1522","ZNF594"
"1523","NUP88"
"1524","MIS12"
"1525","PITPNM3"
"1526","XAF1"
"1527","PRAL"
"1528","NLGN2"
"1529","KDM6B"
"1530","TMEM88"
"1531","AC104581.4"
"1532","KCNAB3"
"1533","RANGRF"
"1534","NDEL1"
"1535","PIK3R6"
"1536","AC002091.2"
"1537","AC002091.1"
"1538","MYH3"
"1539","TVP23C"
"1540","AC005324.4"
"1541","AC015922.3"
"1542","AC002553.1"
"1543","NCOR1"
"1544","PIGL"
"1545","CENPV"
"1546","SNORD49B"
"1547","CCDC144A"
"1548","AC098850.3"
"1549","USP32P1"
"1550","RAI1"
"1551","AC087163.3"
"1552","GID4"
"1553","TVP23B"
"1554","FAM83G"
"1555","SNORD3A"
"1556","CCDC144CP"
"1557","USP32P3"
"1558","SCDP1"
"1559","MAP2K3"
"1560","UBBP4"
"1561","WSB1"
"1562","AC015688.4"
"1563","LGALS9"
"1564","TMEM199"
"1565","AC002094.1"
"1566","PROCA1"
"1567","NSRP1"
"1568","CPD"
"1569","GOSR1"
"1570","OMG"
"1571","EVI2B"
"1572","AK4P1"
"1573","NF1"
"1574","RAB11FIP4"
"1575","UTP6"
"1576","AC005899.8"
"1577","PSMD11"
"1578","CDK5R1"
"1579","TLK2P1"
"1580","RAD51L3-RFFL"
"1581","SLFN5"
"1582","SLFN11"
"1583","SLFN13"
"1584","AC015911.4"
"1585","LINC02001"
"1586","PEX12"
"1587","CCL5"
"1588","AATF"
"1589","DUSP14"
"1590","AC233968.1"
"1591","AC244154.1"
"1592","CISD3"
"1593","PSMB3"
"1594","AC006441.3"
"1595","LASP1"
"1596","CACNB1"
"1597","MED1"
"1598","AC009283.1"
"1599","RAPGEFL1"
"1600","CDC6"
"1601","AC080112.3"
"1602","RARA"
"1603","AC080112.1"
"1604","EIF1"
"1605","NKIRAS2"
"1606","STAT3"
"1607","CAVIN1"
"1608","AC067852.3"
"1609","PTP4A2P1"
"1610","MLX"
"1611","RETREG3"
"1612","TUBG2"
"1613","CNTNAP1"
"1614","AOC2"
"1615","AOC3"
"1616","IFI35"
"1617","AC060780.1"
"1618","LINC00910"
"1619","NAGS"
"1620","LSM12"
"1621","GPATCH8"
"1622","HEXIM1"
"1623","AC138150.1"
"1624","NSFP1"
"1625","NSF"
"1626","ITGB3"
"1627","AC015674.1"
"1628","KPNB1"
"1629","TBX21"
"1630","AC004477.2"
"1631","NFE2L1"
"1632","HOXB2"
"1633","CALCOCO2"
"1634","UBE2Z"
"1635","AC091133.1"
"1636","SNF8"
"1637","GNGT2"
"1638","ABI3"
"1639","DLX4"
"1640","ITGA3"
"1641","COL1A1"
"1642","MYCBPAP"
"1643","CACNA1G"
"1644","ABCC3"
"1645","ANKRD40"
"1646","TOB1"
"1647","TOB1-AS1"
"1648","SPAG9"
"1649","UTP18"
"1650","MTCO1P40"
"1651","AC007485.2"
"1652","C17orf67"
"1653","AC015813.6"
"1654","MKS1"
"1655","LPO"
"1656","MPO"
"1657","TSPOAP1-AS1"
"1658","RNF43"
"1659","MTMR4"
"1660","SEPT4"
"1661","VMP1"
"1662","RPS6KB1"
"1663","RNFT1"
"1664","TBC1D3P1-DHX40P1"
"1665","AC025048.2"
"1666","NACA2"
"1667","INTS2"
"1668","MED13"
"1669","TLK2"
"1670","ERN1"
"1671","TEX2"
"1672","MIR3064"
"1673","MIR5047"
"1674","DDX5"
"1675","GNA13"
"1676","RGS9"
"1677","KPNA2"
"1678","LINC00674"
"1679","AC005332.6"
"1680","AC005332.3"
"1681","SH3GL1P3"
"1682","LRRC37A16P"
"1683","AC005332.4"
"1684","AMZ2"
"1685","WIPI1"
"1686","FAM20A"
"1687","SLC39A11"
"1688","CD300E"
"1689","CD300LF"
"1690","AC087289.4"
"1691","ACOX1"
"1692","CDK3"
"1693","TEN1-CDK3"
"1694","SRP68"
"1695","ATF4P3"
"1696","UBALD2"
"1697","QRICH2"
"1698","PRPSAP1"
"1699","SPHK1"
"1700","UBE2O"
"1701","AANAT"
"1702","RHBDF2"
"1703","MXRA7"
"1704","TNRC6C"
"1705","SOCS3"
"1706","AC022966.1"
"1707","CEP295NL"
"1708","TIMP2"
"1709","LGALS3BP"
"1710","CBX8"
"1711","AC124319.3"
"1712","RNF213"
"1713","AC124319.2"
"1714","AC145207.3"
"1715","P4HB"
"1716","AC129510.1"
"1717","CCDC57"
"1718","SLC16A3"
"1719","CSNK1D"
"1720","AC132938.5"
"1721","NARF-IT1"
"1722","AC124283.1"
"1723","WDR45B"
"1724","TYMS"
"1725","ENOSF1"
"1726","METTL4"
"1727","MYL12B"
"1728","TGIF1"
"1729","DLGAP1-AS1"
"1730","DLGAP1-AS2"
"1731","AP001496.3"
"1732","L3MBTL4"
"1733","AP001793.1"
"1734","RAB12"
"1735","AP001029.2"
"1736","SPIRE1"
"1737","ROCK1"
"1738","CTAGE1"
"1739","TMEM241"
"1740","RIOK3"
"1741","RMC1"
"1742","NPC1"
"1743","TTC39C"
"1744","PGDP1"
"1745","ZNF271P"
"1746","ZNF24"
"1747","ZNF396"
"1748","PIK3C3"
"1749","EPG5"
"1750","PSTPIP2"
"1751","C18orf25"
"1752","LOXHD1"
"1753","IER3IP1"
"1754","SMAD7"
"1755","ME2"
"1756","MEX3C"
"1757","MBD2"
"1758","C18orf54"
"1759","NARS"
"1760","MALT1"
"1761","ZNF532"
"1762","ZCCHC2"
"1763","VPS4B"
"1764","LINC00909"
"1765","ZNF236"
"1766","AC125437.1"
"1767","ATP9B"
"1768","AC008993.2"
"1769","AC092299.1"
"1770","SBNO2"
"1771","CBARP"
"1772","AC004490.1"
"1773","DOT1L"
"1774","TMPRSS9"
"1775","DIRAS1"
"1776","AC005262.2"
"1777","S1PR4"
"1778","AC005786.3"
"1779","MFSD12"
"1780","HMG20B"
"1781","GIPC3"
"1782","APBA3"
"1783","MATK"
"1784","CHAF1A"
"1785","LONP1"
"1786","RFX2"
"1787","TNFSF9"
"1788","TNFSF14"
"1789","C3"
"1790","GPR108"
"1791","AC008760.1"
"1792","VAV1"
"1793","AC008763.1"
"1794","MCEMP1"
"1795","TIMM44"
"1796","ELAVL1"
"1797","MYO1F"
"1798","AC008734.1"
"1799","ZNF558"
"1800","ZNF562"
"1801","AC011511.2"
"1802","ICAM1"
"1803","AC011511.5"
"1804","ICAM5"
"1805","AC011511.1"
"1806","FDX2"
"1807","SLC44A2"
"1808","TMED1"
"1809","DOCK6"
"1810","TMEM205"
"1811","RGL3"
"1812","ZNF653"
"1813","ZNF20"
"1814","ZNF625-ZNF20"
"1815","ZNF563"
"1816","PGK1P2"
"1817","AC010422.6"
"1818","ZNF791"
"1819","TRIR"
"1820","JUNB"
"1821","HOOK2"
"1822","DNASE2"
"1823","AC020934.2"
"1824","NFIX"
"1825","AC011446.1"
"1826","CCDC130"
"1827","ZSWIM4"
"1828","AC020916.1"
"1829","ASF1B"
"1830","AC008569.1"
"1831","ADGRE5"
"1832","ZNF333"
"1833","ADGRE2"
"1834","AC005255.1"
"1835","OR7C1"
"1836","NOTCH3"
"1837","EPHX3"
"1838","HAUS8"
"1839","USE1"
"1840","ANKLE1"
"1841","BISPR"
"1842","COLGALT1"
"1843","JAK3"
"1844","JUND"
"1845","GDF15"
"1846","KLHL26"
"1847","ZNF682"
"1848","ZNF486"
"1849","ZNF826P"
"1850","ZNF714"
"1851","PLEKHF1"
"1852","C19orf12"
"1853","ZNF507"
"1854","DPY19L3"
"1855","FAAP24"
"1856","CEBPG"
"1857","UBA2"
"1858","AC020910.5"
"1859","ZNF302"
"1860","ZNF181"
"1861","PSENEN"
"1862","AD000671.1"
"1863","NFKBID"
"1864","ZNF146"
"1865","ZNF461"
"1866","ZNF585A"
"1867","ZNF585B"
"1868","ZNF570"
"1869","PSMD8"
"1870","AC008982.2"
"1871","RINL"
"1872","NFKBIB"
"1873","SAMD4B"
"1874","PSMC4"
"1875","AC118344.2"
"1876","PLD3"
"1877","SERTAD1"
"1878","ITPKC"
"1879","AXL"
"1880","CCDC97"
"1881","TGFB1"
"1882","TMEM91"
"1883","AC011462.1"
"1884","BCKDHA"
"1885","POU2F2"
"1886","GSK3A"
"1887","AC006486.1"
"1888","L34079.3"
"1889","ZNF576"
"1890","PLAUR"
"1891","SMG9"
"1892","KCNN4"
"1893","ZNF45"
"1894","ZNF221"
"1895","ZNF230"
"1896","ZNF224"
"1897","AC021092.1"
"1898","ZNF226"
"1899","ZNF229"
"1900","PVR"
"1901","NECTIN2"
"1902","AC011481.2"
"1903","APOE"
"1904","AC011481.3"
"1905","APOC1"
"1906","APOC2"
"1907","APOC4-APOC2"
"1908","RELB"
"1909","PPP1R13L"
"1910","FOSB"
"1911","GIPR"
"1912","GAPDHP38"
"1913","FKRP"
"1914","SLC1A5"
"1915","AC008622.2"
"1916","BBC3"
"1917","C5AR2"
"1918","PLA2G4C-AS1"
"1919","PLA2G4C"
"1920","AC008403.2"
"1921","CA11"
"1922","PPP1R15A"
"1923","GYS1"
"1924","FLT3LG"
"1925","AC010619.2"
"1926","AKT1S1"
"1927","TBC1D17"
"1928","IL4I1"
"1929","ATF5"
"1930","SIGLEC16"
"1931","ZNF473"
"1932","AC020909.2"
"1933","SIGLEC18P"
"1934","SIGLEC9"
"1935","SIGLEC14"
"1936","SPACA6"
"1937","FPR2"
"1938","FPR1"
"1939","AC074141.1"
"1940","ZNF649-AS1"
"1941","ZNF649"
"1942","ZNF350"
"1943","ZNF615"
"1944","ZNF841"
"1945","ZNF528-AS1"
"1946","ZNF528"
"1947","ZNF808"
"1948","AC022150.1"
"1949","ZNF701"
"1950","AC022150.4"
"1951","ZNF611"
"1952","ZNF600"
"1953","ZNF28"
"1954","ZNF468"
"1955","ZNF816-ZNF321P"
"1956","ZNF702P"
"1957","ZNF160"
"1958","AC092070.2"
"1959","ZNF525"
"1960","ZNF765"
"1961","TPM3P9"
"1962","NLRP12"
"1963","AC008440.3"
"1964","AC008440.2"
"1965","MYADM"
"1966","OSCAR"
"1967","LILRB3"
"1968","LILRA6"
"1969","AC245884.12"
"1970","LILRA5"
"1971","AC245884.11"
"1972","LILRA4"
"1973","LENG9"
"1974","LILRA2"
"1975","LILRA1"
"1976","LILRB1"
"1977","LILRB1-AS1"
"1978","LILRB4"
"1979","FCAR"
"1980","AC245128.3"
"1981","NLRP2"
"1982","AC011476.3"
"1983","EPS8L1"
"1984","BRSK1"
"1985","UBE2S"
"1986","NAT14"
"1987","ZNF784"
"1988","ZSCAN5A"
"1989","AC006116.10"
"1990","AC006116.7"
"1991","ZNF542P"
"1992","ZNF583"
"1993","ZFP28"
"1994","ZNF470"
"1995","ZNF460"
"1996","AC005261.5"
"1997","ZNF749"
"1998","AC010522.1"
"1999","ZNF417"
"2000","ZSCAN22"
"2001","AC012313.5"
"2002","ZNF132"
"2003","AC016629.3"
"2004","ID2"
"2005","EIF1P7"
"2006","IAH1"
"2007","ADAM17"
"2008","YWHAQ"
"2009","GRHL1"
"2010","HPCAL1"
"2011","AC018463.1"
"2012","ROCK2"
"2013","RHOB"
"2014","NCOA1"
"2015","DNAJC27"
"2016","EFR3B"
"2017","SELENOI"
"2018","EMILIN1"
"2019","SLC30A3"
"2020","FTH1P3"
"2021","SLC4A1AP"
"2022","PPP1CB"
"2023","SPDYA"
"2024","LBH"
"2025","SLC30A6"
"2026","NLRC4"
"2027","YIPF4"
"2028","AL133243.3"
"2029","AC007378.1"
"2030","CRIM1"
"2031","STRN"
"2032","QPCT"
"2033","SOS1"
"2034","MAP4K3"
"2035","AC007388.1"
"2036","TMEM178A"
"2037","SLC8A1-AS1"
"2038","SLC8A1"
"2039","AC083949.1"
"2040","EML4"
"2041","ZFP36L2"
"2042","PPM1B"
"2043","AC013717.1"
"2044","SRBD1"
"2045","PRKCE"
"2046","MSH6"
"2047","FBXO11"
"2048","FOXN2"
"2049","AC007560.1"
"2050","ERLEC1"
"2051","RTN4"
"2052","CFAP36"
"2053","PPP4R3B"
"2054","VRK2"
"2055","FANCL"
"2056","LINC01122"
"2057","ATP1B3P1"
"2058","PAPOLG"
"2059","NONOP2"
"2060","USP34"
"2061","B3GNT2"
"2062","SERTAD2"
"2063","SLC1A4"
"2064","SPRED2"
"2065","AC017083.2"
"2066","AC017083.3"
"2067","FBXO48"
"2068","GFPT1"
"2069","NFU1"
"2070","C2orf42"
"2071","AC007878.1"
"2072","STAMBP"
"2073","MTHFD2"
"2074","SLC4A5"
"2075","AC006030.1"
"2076","HMGA1P8"
"2077","LBX2"
"2078","LBX2-AS1"
"2079","PCGF1"
"2080","HK2"
"2081","LDHAP7"
"2082","TRABD2A"
"2083","AC022210.1"
"2084","KCMF1"
"2085","GNLY"
"2086","ST3GAL5"
"2087","KDM3A"
"2088","RNF103"
"2089","RNF103-CHMP3"
"2090","RMND5A"
"2091","AC125232.1"
"2092","AC092651.2"
"2093","AC125232.2"
"2094","AC093616.1"
"2095","AC133644.3"
"2096","AC104134.1"
"2097","EIF2AK3"
"2098","MRPS5"
"2099","ZNF2"
"2100","ADRA2B"
"2101","KANSL3"
"2102","CNNM4"
"2103","TMEM131"
"2104","AC019097.1"
"2105","MITD1"
"2106","SNORD89"
"2107","RNF149"
"2108","UXS1"
"2109","EEF1A1P12"
"2110","GCC2"
"2111","GCC2-AS1"
"2112","RANBP2"
"2113","SH3RF3"
"2114","SEPT10"
"2115","SOWAHC"
"2116","RGPD5"
"2117","RGPD6"
"2118","ZC3H6"
"2119","RGPD8"
"2120","AC079922.1"
"2121","IL1RN"
"2122","CBWD2"
"2123","HTR5BP"
"2124","RALB"
"2125","TFCP2L1"
"2126","CLASP1"
"2127","YWHAZP2"
"2128","GYPC"
"2129","MAP3K2"
"2130","PROC"
"2131","AC010976.1"
"2132","IWS1"
"2133","MYO7B"
"2134","AMMECR1L"
"2135","SAP130"
"2136","RAB6C-AS1"
"2137","RAB6C"
"2138","AC079776.1"
"2139","RAB6D"
"2140","RHOQP2"
"2141","AC093724.1"
"2142","TMEM163"
"2143","CCNT2"
"2144","UBXN4"
"2145","CXCR4"
"2146","HNRNPKP2"
"2147","AC013444.1"
"2148","KYNU"
"2149","ZEB2"
"2150","ACVR2A"
"2151","NMI"
"2152","TNFAIP6"
"2153","RIF1"
"2154","NEB"
"2155","STAM2"
"2156","FMNL2"
"2157","PRPF40A"
"2158","NR4A2"
"2159","GPD2"
"2160","ACVR1"
"2161","BTF3L4P2"
"2162","WDSUB1"
"2163","RBMS1"
"2164","TANK"
"2165","PSMD14"
"2166","AHCTF1P1"
"2167","IFIH1"
"2168","CERS6"
"2169","CERS6-AS1"
"2170","DHRS9"
"2171","EIF2S2P4"
"2172","ITGA6"
"2173","SP3"
"2174","MTX2"
"2175","AC079305.1"
"2176","NFE2L2"
"2177","PLEKHA3"
"2178","FTH1P20"
"2179","ITPRID2"
"2180","NCKAP1"
"2181","AC096667.1"
"2182","ZNF804A"
"2183","INPP1"
"2184","MFSD6"
"2185","NEMP2"
"2186","AC067945.1"
"2187","STAT1"
"2188","MYO1B"
"2189","HECW2"
"2190","BZW1"
"2191","NIF3L1"
"2192","FAM126B"
"2193","IMPDH1P10"
"2194","CFLAR-AS1"
"2195","AC007283.1"
"2196","CFLAR"
"2197","CASP8"
"2198","ALS2CR12"
"2199","FZD7"
"2200","BMPR2"
"2201","AC007679.1"
"2202","INO80D"
"2203","AC007879.3"
"2204","AC009226.1"
"2205","AC007038.1"
"2206","KANSL1L"
"2207","FN1"
"2208","LINC00607"
"2209","TNS1"
"2210","AAMP"
"2211","TMBIM1"
"2212","PNKD"
"2213","CATIP-AS1"
"2214","CATIP"
"2215","SLC11A1"
"2216","VIL1"
"2217","USP37"
"2218","CNOT9"
"2219","AC068946.1"
"2220","ANKZF1"
"2221","GLB1L"
"2222","HSPA9P1"
"2223","WDFY1"
"2224","CUL3"
"2225","RHBDD1"
"2226","PID1"
"2227","SP140"
"2228","SP140L"
"2229","HMGB1P3"
"2230","SP100"
"2231","ARMC9"
"2232","PDE6D"
"2233","ATG16L1"
"2234","AC005538.2"
"2235","MSL3P1"
"2236","RAB17"
"2237","ANKMY1"
"2238","SNED1"
"2239","MTERF4"
"2240","PDCD1"
"2241","NRSN2-AS1"
"2242","NRSN2"
"2243","RBCK1"
"2244","SRXN1"
"2245","AL121758.1"
"2246","AL109809.1"
"2247","SMOX"
"2248","TMEM230"
"2249","UBE2D3P1"
"2250","SHLD1"
"2251","CRLS1"
"2252","TMX4"
"2253","ESF1"
"2254","GINS1"
"2255","HM13"
"2256","TPX2"
"2257","PLAGL2"
"2258","BAK1P1"
"2259","E2F1"
"2260","EIF2S2"
"2261","XPOTP1"
"2262","MAP1LC3A"
"2263","PIGU"
"2264","TP53INP2"
"2265","GGT7"
"2266","GSS"
"2267","MYH7B"
"2268","TRPC4AP"
"2269","MT1P3"
"2270","DLGAP4"
"2271","DLGAP4-AS1"
"2272","TGIF2-RAB5IF"
"2273","RAB5IF"
"2274","SLA2"
"2275","MANBAL"
"2276","SRC"
"2277","BLCAP"
"2278","TTI1"
"2279","TGM2"
"2280","RALGAPB"
"2281","TOP1"
"2282","PKIG"
"2283","PABPC1L"
"2284","SDC4"
"2285","AL162458.1"
"2286","MMP9"
"2287","SLC12A5-AS1"
"2288","CD40"
"2289","SLC35C2"
"2290","AL133227.1"
"2291","ELMO2"
"2292","OCSTAMP"
"2293","TP53RK"
"2294","ZMYND8"
"2295","NCOA3"
"2296","ARFGEF2"
"2297","STAU1"
"2298","ZNFX1"
"2299","B4GALT5"
"2300","SLC9A8"
"2301","TMEM189"
"2302","CEBPB-AS1"
"2303","CEBPB"
"2304","SMIM25"
"2305","AL133230.1"
"2306","ATP9A"
"2307","AURKA"
"2308","RPL39P"
"2309","CASS4"
"2310","AL109806.1"
"2311","ZBP1"
"2312","RAB22A"
"2313","PRELID3B"
"2314","PPP1R3D"
"2315","LAMA5"
"2316","CABLES2"
"2317","AL357033.4"
"2318","SLCO4A1-AS1"
"2319","SLCO4A1"
"2320","AL118506.1"
"2321","SIK1B"
"2322","CBSL"
"2323","KCNE1B"
"2324","FP236383.1"
"2325","HSPA13"
"2326","USP25"
"2327","BTG3"
"2328","BTG3-AS1"
"2329","C21orf91"
"2330","MIR155HG"
"2331","APP"
"2332","LTN1"
"2333","USP16"
"2334","MAP3K7CL"
"2335","BACH1"
"2336","EVA1C"
"2337","AP000295.1"
"2338","IL10RB"
"2339","IFNAR1"
"2340","IFNGR2"
"2341","TMEM50B"
"2342","GART"
"2343","SLC5A3"
"2344","MRPS6"
"2345","AP000317.2"
"2346","KCNE1"
"2347","RUNX1"
"2348","MORC3"
"2349","AP000695.1"
"2350","HLCS"
"2351","VPS26C"
"2352","DYRK1A"
"2353","ABCG1"
"2354","CBS"
"2355","LINC01679"
"2356","SIK1"
"2357","RRP1"
"2358","ITGB2"
"2359","AL844908.1"
"2360","LINC01547"
"2361","POFUT2"
"2362","AP000523.1"
"2363","ATP6V1E1"
"2364","BCL2L13"
"2365","USP18"
"2366","PI4KAP1"
"2367","DGCR2"
"2368","AC000068.2"
"2369","UFD1"
"2370","MED15"
"2371","CCDC74BP1"
"2372","AC007308.1"
"2373","SNAP29"
"2374","HIC2"
"2375","PI4KAP2"
"2376","UPB1"
"2377","Z99774.1"
"2378","MIAT"
"2379","OSM"
"2380","RF01891"
"2381","TUG1"
"2382","SELENOM"
"2383","LIMK2"
"2384","TOM1"
"2385","APOL6"
"2386","APOL3"
"2387","APOL2"
"2388","APOL1"
"2389","IL2RB"
"2390","RAC2"
"2391","CDC42EP1"
"2392","LGALS2"
"2393","H1F0"
"2394","MICALL1"
"2395","AL031587.5"
"2396","C22orf23"
"2397","MAFF"
"2398","PRDX3P1"
"2399","GTPBP1"
"2400","AL021707.5"
"2401","AL021707.3"
"2402","AL021707.1"
"2403","SUN2"
"2404","APOBEC3A"
"2405","APOBEC3B"
"2406","APOBEC3B-AS1"
"2407","APOBEC3D"
"2408","AL022318.4"
"2409","APOBEC3G"
"2410","PDGFB"
"2411","AL022312.1"
"2412","UQCRFS1P1"
"2413","AL080243.2"
"2414","EP300-AS1"
"2415","DESI1"
"2416","C22orf46"
"2417","MEI1"
"2418","CYP2D6"
"2419","CYP2D7"
"2420","CYP2D8P"
"2421","ARFGAP3"
"2422","PACSIN2"
"2423","TTLL12"
"2424","RTL6"
"2425","NUP50-DT"
"2426","NUP50"
"2427","TRMU"
"2428","PIM3"
"2429","ADM2"
"2430","U62317.2"
"2431","SCO2"
"2432","SCO2"
"2433","TYMP"
"2434","ODF3B"
"2435","U62317.1"
"2436","U62317.4"
"2437","KLHDC7B"
"2438","CPT1B"
"2439","CHKB-CPT1B"
"2440","RABL2B"
"2441","ITPR1"
"2442","AC018816.1"
"2443","BHLHE40-AS1"
"2444","BHLHE40"
"2445","ARL8B"
"2446","RAD18"
"2447","VGLL4"
"2448","AC091492.1"
"2449","PPARG"
"2450","RAF1"
"2451","NUP210"
"2452","CHCHD4"
"2453","TMEM43"
"2454","AC090004.1"
"2455","AC093495.1"
"2456","SH3BP5-AS1"
"2457","SH3BP5"
"2458","METTL6"
"2459","EAF1"
"2460","EAF1-AS1"
"2461","COLQ"
"2462","ANKRD28"
"2463","DPH3"
"2464","RAB5A"
"2465","UBE2E2"
"2466","UBE2E1"
"2467","NKIRAS1"
"2468","NGLY1"
"2469","CMC1"
"2470","AZI2"
"2471","TRANK1"
"2472","MLH1"
"2473","LRRFIP2"
"2474","TCEA1P2"
"2475","GOLGA4"
"2476","OXSR1"
"2477","AC092053.3"
"2478","ZNF619"
"2479","ZNF621"
"2480","SNRK"
"2481","ANO10"
"2482","ABHD5"
"2483","ZKSCAN7"
"2484","ZDHHC3"
"2485","FYCO1"
"2486","AC098613.1"
"2487","CCRL2"
"2488","AC104447.1"
"2489","SHISA5"
"2490","AC137630.2"
"2491","USP4"
"2492","DAG1"
"2493","RBM5-AS1"
"2494","DOCK3"
"2495","RAD54L2"
"2496","PARP3"
"2497","ALAS1"
"2498","AC097637.1"
"2499","TWF2"
"2500","ITIH4"
"2501","AC006254.1"
"2502","ARHGEF3"
"2503","SLMAP"
"2504","FLNB-AS1"
"2505","FLNB"
"2506","THOC7"
"2507","ATXN7"
"2508","ATXN7"
"2509","PSMD6-AS2"
"2510","PSMC1P1"
"2511","TMF1"
"2512","MITF"
"2513","RYBP"
"2514","FTH1P23"
"2515","GXYLT2"
"2516","EBLN2"
"2517","PPP4R2"
"2518","GBE1"
"2519","ZNF654"
"2520","CGGBP1"
"2521","ARL13B"
"2522","DHFR2"
"2523","HNRNPKP4"
"2524","CLDND1"
"2525","ST3GAL6-AS1"
"2526","PDLIM1P4"
"2527","ST3GAL6"
"2528","TBC1D23"
"2529","TFG"
"2530","ZBTB11"
"2531","NFKBIZ"
"2532","ALCAM"
"2533","CD96"
"2534","PLCXD2"
"2535","NEPRO"
"2536","AC112128.1"
"2537","SPICE1"
"2538","USF3"
"2539","NAA50"
"2540","ATP6V1A"
"2541","CCDC191"
"2542","BZW1P2"
"2543","TIMMDC1"
"2544","CD80"
"2545","POPDC2"
"2546","NAP1L1P3"
"2547","GOLGB1"
"2548","IQCB1"
"2549","EAF2"
"2550","SLC15A2"
"2551","CD86"
"2552","CSTA"
"2553","PARP9"
"2554","DTX3L"
"2555","PARP14"
"2556","HSPBAP1"
"2557","OSBPL11"
"2558","SLC41A3"
"2559","ZXDC"
"2560","RPN1"
"2561","FTH1P4"
"2562","COPG1"
"2563","HMCES"
"2564","EFCAB12"
"2565","IFT122"
"2566","ATP2C1"
"2567","AC117409.1"
"2568","ACPP"
"2569","SLC35G2"
"2570","DZIP1L"
"2571","A4GNT"
"2572","ARMC8"
"2573","MRAS"
"2574","FAIM"
"2575","PIK3CB"
"2576","SLC25A36"
"2577","ATP1B3"
"2578","GK5"
"2579","XRN1"
"2580","CHST2"
"2581","C3orf58"
"2582","PLSCR1"
"2583","HPS3"
"2584","TM4SF1"
"2585","RNF13"
"2586","ANKUB1"
"2587","SIAH2-AS1"
"2588","SIAH2"
"2589","DHX36"
"2590","MME"
"2591","SETP14"
"2592","METTL15P1"
"2593","CCNL1"
"2594","RSRC1"
"2595","KPNA4"
"2596","PDCD10"
"2597","SEC62"
"2598","PHC3"
"2599","SKIL"
"2600","TNIK"
"2601","FNDC3B"
"2602","TNFSF10"
"2603","SLC31A1P1"
"2604","NCEH1"
"2605","PIK3CA"
"2606","MFN1"
"2607","MTHFD2P7"
"2608","AC108734.3"
"2609","ATP11B"
"2610","KLHL6"
"2611","KLHL24"
"2612","EEF1A1P8"
"2613","MIR1248"
"2614","SNORA81"
"2615","RPS20P14"
"2616","RTP4"
"2617","LPP-AS2"
"2618","LPP"
"2619","AC009319.1"
"2620","TPRG1"
"2621","CCDC50"
"2622","VEZF1P1"
"2623","ATP13A3"
"2624","ACAP2"
"2625","MUC20P1"
"2626","TM4SF19-AS1"
"2627","TM4SF19-TCTEX1D2"
"2628","TM4SF19"
"2629","UBXN7"
"2630","SENP5"
"2631","ABCA11P"
"2632","PIGG"
"2633","SLC49A3"
"2634","AC139887.1"
"2635","PCGF3"
"2636","FGFRL1"
"2637","POLN"
"2638","SH3BP2"
"2639","MSANTD1"
"2640","RGS12"
"2641","CYTL1"
"2642","STK32B"
"2643","WFS1"
"2644","MRFAP1"
"2645","RAB28"
"2646","BOD1L1"
"2647","FAM200B"
"2648","BST1"
"2649","CD38"
"2650","NCAPG"
"2651","LCORL"
"2652","AC104662.2"
"2653","PI4K2B"
"2654","SEL1L3"
"2655","TLR1"
"2656","AC079921.1"
"2657","KLHL5"
"2658","WDR19"
"2659","SMIM14"
"2660","RHOH"
"2661","AC098869.2"
"2662","RBM47"
"2663","NSUN7"
"2664","APBB2"
"2665","TMEM33"
"2666","GUF1"
"2667","RAC1P2"
"2668","AC092597.1"
"2669","SLAIN2"
"2670","CHIC2"
"2671","TMEM165"
"2672","CEP135"
"2673","AASDH"
"2674","HOPX"
"2675","EXOC5P1"
"2676","RUFY3"
"2677","HMGA1P2"
"2678","CXCL8"
"2679","CXCL3"
"2680","CXCL2"
"2681","EREG"
"2682","AREG"
"2683","THAP6"
"2684","G3BP2"
"2685","USO1"
"2686","CXCL9"
"2687","SCARB2"
"2688","FAM47E-STBD1"
"2689","STBD1"
"2690","TXNP6"
"2691","CNOT6L"
"2692","RASGEF1B"
"2693","BIN2P1"
"2694","THAP9-AS1"
"2695","LIN54"
"2696","CDS1"
"2697","ARHGAP24"
"2698","MAPK10"
"2699","GAPDHP60"
"2700","KLHL8"
"2701","SPP1"
"2702","RF02114"
"2703","FAM13A-AS1"
"2704","FAM13A"
"2705","GPRIN3"
"2706","PDLIM5"
"2707","EIF4E"
"2708","TRMT10A"
"2709","DAPP1"
"2710","DNAJB14"
"2711","SLC39A8"
"2712","KRT8P46"
"2713","LRRC37A15P"
"2714","UBE2D3"
"2715","EEF1A1P9"
"2716","DKK2"
"2717","PAPSS1"
"2718","SGMS2"
"2719","AC096564.1"
"2720","SEC24B"
"2721","MCUB"
"2722","AP1AR"
"2723","TIFA"
"2724","ALPK1"
"2725","LARP7"
"2726","NT5C3AP1"
"2727","CEP170P1"
"2728","AC110079.1"
"2729","AC110373.1"
"2730","GTF2IP12"
"2731","ANXA5"
"2732","BBS7"
"2733","BBS12"
"2734","SLC7A11-AS1"
"2735","SLC7A11"
"2736","SCOC"
"2737","CLGN"
"2738","TBC1D9"
"2739","IL15"
"2740","USP38"
"2741","SMARCA5"
"2742","OTUD4"
"2743","MMAA"
"2744","LSM6"
"2745","TMEM184C"
"2746","FBXW7-AS1"
"2747","FBXW7"
"2748","MIR4453HG"
"2749","ARFIP1"
"2750","TMEM131L"
"2751","GUCY1B1"
"2752","AC093700.1"
"2753","RAPGEF2"
"2754","AC105250.1"
"2755","GK3P"
"2756","KLHL2"
"2757","DDX60"
"2758","DDX60L"
"2759","SH3RF1"
"2760","GALNT7"
"2761","SAP30"
"2762","MORF4"
"2763","FBXO8"
"2764","HPGD"
"2765","AGA"
"2766","DCTD"
"2767","RWDD4"
"2768","IRF2"
"2769","ACSL1"
"2770","SNX25"
"2771","CYP4V2"
"2772","AC093909.1"
"2773","AC093909.6"
"2774","FRG1"
"2775","AC021087.1"
"2776","CEP72"
"2777","AC026412.2"
"2778","NSUN2"
"2779","SRD5A1"
"2780","TENT4A"
"2781","MTRR"
"2782","TRIO"
"2783","EEF1A1P13"
"2784","ZNF622"
"2785","MYO10"
"2786","BASP1"
"2787","FTH1P10"
"2788","AC026785.2"
"2789","AC010342.1"
"2790","TARS"
"2791","RAI14"
"2792","RAD1"
"2793","DNAJC21"
"2794","LMBRD2"
"2795","SLC1A3"
"2796","NIPBL"
"2797","RICTOR"
"2798","FYB1"
"2799","INTS6P1"
"2800","PTGER4"
"2801","C5orf51"
"2802","C5orf34"
"2803","NNT-AS1"
"2804","PELO"
"2805","FST"
"2806","ARL15"
"2807","GPBP1"
"2808","ELOVL7"
"2809","CKS1BP3"
"2810","TRIM23"
"2811","ERBIN"
"2812","SLC30A5"
"2813","AC010273.1"
"2814","AK6"
"2815","SMN2"
"2816","GTF2H2"
"2817","TNPO1"
"2818","FUNDC2P1"
"2819","ANKRA2"
"2820","ENC1"
"2821","GFM2"
"2822","NSA2"
"2823","COL4A3BP"
"2824","AC010245.1"
"2825","AC113404.3"
"2826","IQGAP2"
"2827","TBCA"
"2828","LHFPL2"
"2829","JMY"
"2830","HOMER1"
"2831","CMYA5"
"2832","ZFYVE16"
"2833","ATP6AP1L"
"2834","TMEM167A"
"2835","XRCC4"
"2836","RASA1"
"2837","LUCAT1"
"2838","MCTP1"
"2839","AC116347.1"
"2840","SLCO4C1"
"2841","GIN1"
"2842","AC133134.1"
"2843","STARD4"
"2844","MCC"
"2845","FEM1C"
"2846","AC010226.1"
"2847","TMED7"
"2848","KRT8P33"
"2849","CSNK1G3"
"2850","LMNB1"
"2851","MARCH3"
"2852","HNRNPKP1"
"2853","ISOC1"
"2854","RAPGEF6"
"2855","AC008695.1"
"2856","PDLIM4"
"2857","SLC22A4"
"2858","MIR3936HG"
"2859","C5orf56"
"2860","IRF1"
"2861","AC116366.3"
"2862","AFF4"
"2863","ZCCHC10"
"2864","C5orf15"
"2865","TCF7"
"2866","PPP2CA"
"2867","AC104109.4"
"2868","SAR1B"
"2869","SEC24A"
"2870","MTND6P4"
"2871","MTND5P11"
"2872","PITX1"
"2873","H2AFY"
"2874","ETF1"
"2875","HSPA9"
"2876","AC011405.1"
"2877","AC142391.1"
"2878","ECSCR"
"2879","TMEM173"
"2880","CXXC5"
"2881","PURA"
"2882","CYSTM1"
"2883","PFDN1"
"2884","HBEGF"
"2885","ANKHD1"
"2886","ANKHD1-EIF4EBP3"
"2887","SRA1"
"2888","TMCO6"
"2889","PCDHGA4"
"2890","PCDHGA6"
"2891","PCDHGA2"
"2892","PCDHGA7"
"2893","PCDHGA9"
"2894","PCDHGB2"
"2895","PCDHGA12"
"2896","PCDHGA11"
"2897","PCDHGB5"
"2898","PCDHGB6"
"2899","PCDHGA5"
"2900","PCDHGB3"
"2901","PCDHGA3"
"2902","PCDHGA10"
"2903","PCDHGB1"
"2904","PCDHGB7"
"2905","PCDHGB4"
"2906","PCDHGC4"
"2907","PCDHGA8"
"2908","PCDHGC5"
"2909","PCDHGC3"
"2910","PCDHGA1"
"2911","FCHSD1"
"2912","ARAP3"
"2913","NR3C1"
"2914","YIPF5"
"2915","AC091887.1"
"2916","DPYSL3"
"2917","JAKMIP2-AS1"
"2918","JAKMIP2"
"2919","AC021078.1"
"2920","CSNK1A1"
"2921","PPARGC1B"
"2922","HMGXB3"
"2923","PDGFRB"
"2924","NDST1"
"2925","DCTN4"
"2926","ZNF300"
"2927","TNIP1"
"2928","GM2A"
"2929","SPARC"
"2930","MFAP3"
"2931","LARP1"
"2932","ITK"
"2933","MIR3142HG"
"2934","C5orf58"
"2935","LCP2"
"2936","KCNMB1"
"2937","SH3PXD2B"
"2938","DUSP1"
"2939","ERGIC1"
"2940","CPEB4"
"2941","FAF2"
"2942","TSPAN17"
"2943","UNC5A"
"2944","HK3"
"2945","UIMC1"
"2946","PRELID1"
"2947","MXD3"
"2948","GRK6"
"2949","DBN1"
"2950","PDLIM7"
"2951","N4BP3"
"2952","AC113348.2"
"2953","ZNF354A"
"2954","CANX"
"2955","MAML1"
"2956","SQSTM1"
"2957","MRNIP"
"2958","ZFP62"
"2959","AC138035.1"
"2960","SERPINB9P1"
"2961","SERPINB9"
"2962","PRPF4B"
"2963","CDYL"
"2964","LY86"
"2965","AL031123.2"
"2966","EEF1E1-BLOC1S5"
"2967","SLC35B3"
"2968","SMIM13"
"2969","NEDD9"
"2970","HIVEP1"
"2971","TBC1D7"
"2972","SIRT5"
"2973","JARID2"
"2974","AL137003.1"
"2975","NUP153"
"2976","TPMT"
"2977","DEK"
"2978","MBOAT1"
"2979","CDKAL1"
"2980","AL031775.1"
"2981","ACOT13"
"2982","RIPOR2"
"2983","U91328.2"
"2984","HIST1H2BG"
"2985","BTN3A2"
"2986","BTN3A1"
"2987","BTN3A3"
"2988","BTN2A1"
"2989","HCG11"
"2990","HMGN4"
"2991","ZNF184"
"2992","TRIM27"
"2993","ZNF311"
"2994","OR2I1P"
"2995","UBD"
"2996","AL645939.1"
"2997","RPL23AP1"
"2998","HLA-F"
"2999","HLA-F-AS1"
"3000","HLA-P"
"3001","HCG4P8"
"3002","HLA-G"
"3003","HLA-H"
"3004","HLA-T"
"3005","HLA-K"
"3006","HLA-U"
"3007","AL671277.1"
"3008","HLA-A"
"3009","HLA-W"
"3010","HLA-J"
"3011","ZNRD1ASP"
"3012","ZNRD1"
"3013","PPP1R11"
"3014","HLA-L"
"3015","TRIM39"
"3016","HLA-E"
"3017","PPP1R10"
"3018","MRPS18B"
"3019","DHX16"
"3020","FLOT1"
"3021","LINC00243"
"3022","HCG27"
"3023","HLA-C"
"3024","MIR6891"
"3025","HLA-B"
"3026","HCP5"
"3027","MICB"
"3028","TNF"
"3029","C6orf47-AS1"
"3030","C6orf47"
"3031","C2-AS1"
"3032","AL645922.1"
"3033","CFB"
"3034","DXO"
"3035","STK19"
"3036","C4A"
"3037","C4B"
"3038","C4B-AS1"
"3039","TAP2"
"3040","AL669918.1"
"3041","PSMB8"
"3042","PSMB8-AS1"
"3043","TAP1"
"3044","PSMB9"
"3045","RING1"
"3046","TAPBP"
"3047","SYNGAP1"
"3048","ZBTB9"
"3049","BAK1"
"3050","GGNBP1"
"3051","HMGA1"
"3052","PPARD"
"3053","FANCE"
"3054","FKBP5"
"3055","SRPK1"
"3056","PNPLA1"
"3057","ETV7"
"3058","PIM1"
"3059","RNF8"
"3060","CMTR1"
"3061","MDGA1"
"3062","ZFAND3"
"3063","BTBD9"
"3064","TREML4"
"3065","AL391903.1"
"3066","TREM1"
"3067","FOXP4"
"3068","USP49"
"3069","CCND3"
"3070","UBR2"
"3071","CUL7"
"3072","ZNF318"
"3073","TJAP1"
"3074","GTPBP2"
"3075","MAD2L1BP"
"3076","AL136131.3"
"3077","VEGFA"
"3078","C6orf223"
"3079","AL109615.3"
"3080","TMEM63B"
"3081","NFKBIE"
"3082","TMEM151B"
"3083","AL353588.1"
"3084","PLA2G7"
"3085","MEP1A"
"3086","TNFRSF21"
"3087","CD2AP"
"3088","FTH1P5"
"3089","FBXO9"
"3090","GCLC"
"3091","FTH1P15"
"3092","PTP4A1"
"3093","AL135905.2"
"3094","AL365217.1"
"3095","EYS"
"3096","FAM135A"
"3097","AL603910.1"
"3098","EEF1A1"
"3099","SLC17A5"
"3100","CD109"
"3101","IRAK1BP1"
"3102","PHIP"
"3103","DOP1A"
"3104","ME1"
"3105","AL135903.1"
"3106","NT5E"
"3107","SNX14"
"3108","SNHG5"
"3109","ZNF292"
"3110","ORC3"
"3111","AKIRIN2"
"3112","RNGTT"
"3113","PNRC1"
"3114","UBE2J1"
"3115","BACH2"
"3116","MAP3K7"
"3117","UFL1"
"3118","USP45"
"3119","ASCC3"
"3120","AL133406.2"
"3121","CRYBG1"
"3122","QRSL1"
"3123","SEC63"
"3124","OSTM1"
"3125","CEP57L1"
"3126","CD164"
"3127","AK9"
"3128","DDO"
"3129","CDK19"
"3130","CNN2P9"
"3131","AMD1"
"3132","AL080317.3"
"3133","REV3L"
"3134","TRAF3IP2"
"3135","FYN"
"3136","TUBE1"
"3137","Z84488.1"
"3138","Z84488.2"
"3139","CALHM6"
"3140","ZUP1"
"3141","KPNA5"
"3142","NUS1"
"3143","MCM9"
"3144","AL137009.1"
"3145","MAN1A1"
"3146","TBC1D32"
"3147","RNF217"
"3148","HINT3"
"3149","PRELID1P1"
"3150","RNF146"
"3151","ECHDC1"
"3152","YWHAZP4"
"3153","SGK1"
"3154","LINC01010"
"3155","AHI1"
"3156","AL357060.1"
"3157","TNFAIP3"
"3158","AL591468.1"
"3159","CCDC28A"
"3160","REPS1"
"3161","HECA"
"3162","TXLNB"
"3163","VTA1"
"3164","HIVEP2"
"3165","TPT1P4"
"3166","UTRN"
"3167","TAB2"
"3168","LATS1"
"3169","PCMT1"
"3170","ULBP1"
"3171","ARMT1"
"3172","ESR1"
"3173","MTRF1L"
"3174","TULP4"
"3175","DYNLT1"
"3176","RSPH3"
"3177","SOD2"
"3178","WTAP"
"3179","AL353625.1"
"3180","IGF2R"
"3181","GAPDHP72"
"3182","RPS6KA2"
"3183","AFDN"
"3184","CTAGE13P"
"3185","C6orf120"
"3186","TCTE3"
"3187","AL354892.3"
"3188","AC215522.2"
"3189","AC093627.5"
"3190","AC093627.4"
"3191","FAM20C"
"3192","PDGFA"
"3193","AC147651.3"
"3194","ZFAND2A"
"3195","MICALL2"
"3196","MAFK"
"3197","TMEM184A"
"3198","LFNG"
"3199","AMZ1"
"3200","GNA12"
"3201","RBAK"
"3202","CCZ1"
"3203","RSPH10B"
"3204","USP42"
"3205","KDELR2"
"3206","PMS2CL"
"3207","RSPH10B2"
"3208","CCZ1B"
"3209","ARL4A"
"3210","SP4"
"3211","EEF1A1P6"
"3212","AC002480.1"
"3213","STEAP1B"
"3214","AC073072.1"
"3215","IL6"
"3216","AC005082.1"
"3217","IGF2BP3"
"3218","CCDC126"
"3219","GSDME"
"3220","CYCS"
"3221","NFE2L3"
"3222","CBX3"
"3223","SNX10"
"3224","AC004540.2"
"3225","HOXA1"
"3226","RF01976"
"3227","RF01978"
"3228","RF01979"
"3229","HOTAIRM1"
"3230","TAX1BP1"
"3231","PLEKHA8"
"3232","AC007036.1"
"3233","ZNRF2"
"3234","LINC01176"
"3235","AC006978.2"
"3236","GARS"
"3237","KBTBD2"
"3238","NT5C3A"
"3239","STARD3NL"
"3240","TRGV5P"
"3241","TRGV5"
"3242","RALA"
"3243","LINC00265"
"3244","RWDD4P2"
"3245","CDK13"
"3246","INHBA"
"3247","INHBA-AS1"
"3248","C7orf25"
"3249","AC010132.3"
"3250","PSMA2"
"3251","STK17A"
"3252","PURB"
"3253","AC004847.1"
"3254","MYO1G"
"3255","TNS3"
"3256","PKD1L1"
"3257","HUS1"
"3258","UPP1"
"3259","FIGNL1"
"3260","GRB10"
"3261","HAUS6P1"
"3262","PHKG1"
"3263","AC073136.1"
"3264","AC073136.2"
"3265","AC099654.2"
"3266","ZNF736"
"3267","YWHAEP1"
"3268","VKORC1L1"
"3269","AC006001.3"
"3270","AC006001.2"
"3271","AC027644.4"
"3272","RABGEF1"
"3273","GTF2IRD1P1"
"3274","NCF1B"
"3275","POM121B"
"3276","BAZ1B"
"3277","TBL2"
"3278","STX1A"
"3279","LIMK1"
"3280","LAT2"
"3281","GTF2IRD1"
"3282","NCF1"
"3283","CASTOR2"
"3284","NCF1C"
"3285","AC211429.1"
"3286","SPDYE5"
"3287","STYXL1"
"3288","DTX2"
"3289","SPDYE16"
"3290","AC114737.3"
"3291","DTX2P1-UPK3BP1-PMS2P11"
"3292","PMS2P9"
"3293","CCDC146"
"3294","GSAP"
"3295","PTPN12"
"3296","APTR"
"3297","MAGI2"
"3298","MAGI2-AS3"
"3299","DMTF1"
"3300","SLC25A40"
"3301","GTPBP10"
"3302","CLDN12"
"3303","CDK14"
"3304","FZD1"
"3305","AC000120.1"
"3306","KRIT1"
"3307","SAMD9"
"3308","SAMD9L"
"3309","ASNS"
"3310","OR7E38P"
"3311","AC004967.2"
"3312","AC079781.5"
"3313","LMTK2"
"3314","AC093799.1"
"3315","BAIAP2L1"
"3316","SMURF1"
"3317","BUD31"
"3318","ZNF655"
"3319","AC005020.2"
"3320","CYP3A5"
"3321","SPDYE3"
"3322","TRIM56"
"3323","SERPINE1"
"3324","PLOD3"
"3325","CLDN15"
"3326","SH2B2"
"3327","SPDYE6"
"3328","SPDYE2"
"3329","POLR2J3"
"3330","SPDYE2B"
"3331","AC007384.1"
"3332","KMT2E-AS1"
"3333","AC005070.3"
"3334","KMT2E"
"3335","AC007032.1"
"3336","NAMPT"
"3337","CCDC71L"
"3338","HBP1"
"3339","COG5"
"3340","PNPLA8"
"3341","THAP5"
"3342","DNAJB9"
"3343","DOCK4"
"3344","MDFIC"
"3345","CPED1"
"3346","FAM3C"
"3347","POT1"
"3348","AC000123.1"
"3349","GCC1"
"3350","HILPDA"
"3351","AC010655.3"
"3352","AC010655.2"
"3353","AC090114.2"
"3354","AC090114.1"
"3355","CALU"
"3356","AC078846.1"
"3357","LINC-PINT"
"3358","AC016831.6"
"3359","LINC-PINT"
"3360","MKLN1-AS"
"3361","MKLN1"
"3362","TMEM140"
"3363","AC083862.2"
"3364","CYREN"
"3365","CNOT4"
"3366","LUZP6"
"3367","MTPN"
"3368","AC009245.1"
"3369","CREB3L2"
"3370","TRIM24"
"3371","C7orf55-LUC7L2"
"3372","PARP12"
"3373","BRAF"
"3374","CLEC5A"
"3375","MGAM"
"3376","FAM131B"
"3377","TCAF2C"
"3378","CUL1"
"3379","EZH2"
"3380","ZNF786"
"3381","ZNF398"
"3382","ACTR3C"
"3383","LRRC61"
"3384","AC073111.5"
"3385","LINC00996"
"3386","GIMAP8"
"3387","GIMAP7"
"3388","GIMAP4"
"3389","GIMAP6"
"3390","GIMAP2"
"3391","ASIC3"
"3392","NUB1"
"3393","WDR86"
"3394","RHEB"
"3395","AC093583.1"
"3396","KMT2C"
"3397","AC093726.1"
"3398","LINC01006"
"3399","RNF32"
"3400","LMBR1"
"3401","AC004898.1"
"3402","DNAJB6"
"3403","ESYT2"
"3404","FBXO25"
"3405","CLN8"
"3406","KBTBD11-OT1"
"3407","ARHGEF10"
"3408","AC016065.1"
"3409","MCPH1-AS1"
"3410","AGPAT5"
"3411","MTMR9"
"3412","LONRF1"
"3413","MSR1"
"3414","VPS37A"
"3415","MTMR7"
"3416","ASAH1"
"3417","NAT1"
"3418","CSGALNACT1"
"3419","POLR3D"
"3420","PPP3CC"
"3421","AC037459.2"
"3422","BIN3"
"3423","EGR3"
"3424","TNFRSF10B"
"3425","TNFRSF10A-AS1"
"3426","TNFRSF10A"
"3427","AC100861.2"
"3428","AC100861.1"
"3429","LOXL2"
"3430","ENTPD4"
"3431","SLC25A37"
"3432","ADAM28"
"3433","ADAMDEC1"
"3434","DOCK5"
"3435","KCTD9"
"3436","BNIP3L"
"3437","PTK2B"
"3438","CLU"
"3439","LEPROTL1"
"3440","AC026979.4"
"3441","RBPMS"
"3442","TTI2"
"3443","AF279873.1"
"3444","LSM12P1"
"3445","AC091182.1"
"3446","BRF2"
"3447","BAG4"
"3448","AC087362.1"
"3449","LETM2"
"3450","AC087623.1"
"3451","FGFR1"
"3452","AC007991.4"
"3453","IDO1"
"3454","IDO2"
"3455","ANK1"
"3456","AP3M2"
"3457","POLB"
"3458","PCMTD1"
"3459","RB1CC1"
"3460","ATP6V1H"
"3461","TCEA1"
"3462","TGS1"
"3463","SEPT10P1"
"3464","LINC00968"
"3465","IMPAD1"
"3466","UBXN2B"
"3467","SDCBP"
"3468","NSMAF"
"3469","RAB2A"
"3470","CHD7"
"3471","MTFR1"
"3472","AC110998.1"
"3473","ARFGEF1"
"3474","SDCBPP2"
"3475","NCOA2"
"3476","MSC"
"3477","TRPA1"
"3478","MSC-AS1"
"3479","PKMP4"
"3480","PAG1"
"3481","AC018616.1"
"3482","FTH1P11"
"3483","AC023644.1"
"3484","SNX16"
"3485","HNRNPA1P4"
"3486","LRRCC1"
"3487","SLC2A3P4"
"3488","AF117829.1"
"3489","OSGIN2"
"3490","NBN"
"3491","DECR1"
"3492","FAM92A"
"3493","AC010834.1"
"3494","SDC2"
"3495","TSPYL5"
"3496","MTDH"
"3497","SPAG1"
"3498","YWHAZ"
"3499","AP003469.4"
"3500","AZIN1"
"3501","BAALC"
"3502","DCSTAMP"
"3503","LRP12"
"3504","TAGLN2P1"
"3505","TRPS1"
"3506","MTBP"
"3507","SNTB1"
"3508","ZHX2"
"3509","AC104316.1"
"3510","DERL1"
"3511","TBC1D31"
"3512","C8orf76"
"3513","ZHX1-C8orf76"
"3514","AC090198.1"
"3515","NSMCE2"
"3516","ASAP1"
"3517","AC083843.2"
"3518","KHDRBS3"
"3519","PTK2"
"3520","LY6E"
"3521","GRINA"
"3522","PARP10"
"3523","SPATC1"
"3524","SMPD5"
"3525","OPLAH"
"3526","WDR97"
"3527","CBWD1"
"3528","DOCK8"
"3529","AL359076.1"
"3530","VLDLR-AS1"
"3531","VLDLR"
"3532","RFX3"
"3533","GLIS3"
"3534","JAK2"
"3535","INSL6"
"3536","KIAA2026"
"3537","UHRF2"
"3538","AL354707.1"
"3539","ZDHHC21"
"3540","TTC39B"
"3541","FTH1P12"
"3542","CNTLN"
"3543","RRAGA"
"3544","HAUS6"
"3545","PLIN2"
"3546","MLLT3"
"3547","CDKN2B"
"3548","CLIC4P1"
"3549","ACO1"
"3550","DDX58"
"3551","DNAJA1"
"3552","B4GALT1"
"3553","CHMP5"
"3554","NFX1"
"3555","DCAF12"
"3556","UBAP1"
"3557","KIF24"
"3558","FAM219A"
"3559","GLULP4"
"3560","YWHAZP6"
"3561","DNAJB5"
"3562","RUSC2"
"3563","CREB3"
"3564","RNF38"
"3565","EBLN3P"
"3566","EXOSC3"
"3567","DCAF10"
"3568","PGM5P2"
"3569","FRG1HP"
"3570","CBWD3"
"3571","AL161457.2"
"3572","PGM5"
"3573","PTAR1"
"3574","KLF9"
"3575","PSAT1"
"3576","IDNK"
"3577","UBQLN1"
"3578","KIF27"
"3579","AL354733.3"
"3580","HNRNPK"
"3581","RMI1"
"3582","AL356134.1"
"3583","SLC28A3"
"3584","NAA35"
"3585","TUT7"
"3586","S1PR3"
"3587","SECISBP2"
"3588","SEMA4D"
"3589","IARS"
"3590","IPPK"
"3591","SUSD3"
"3592","CARD19"
"3593","FAM120AOS"
"3594","FAM120A"
"3595","PTPDC1"
"3596","AL691447.2"
"3597","MFSD14B"
"3598","ERCC6L2"
"3599","HABP4"
"3600","CDC14B"
"3601","ZNF322P1"
"3602","ERP44"
"3603","MSANTD3"
"3604","TMEFF1"
"3605","MSANTD3-TMEFF1"
"3606","ZNF189"
"3607","GRIN3A"
"3608","NIPSNAP3B"
"3609","ABCA1"
"3610","RALGAPA1P1"
"3611","TMEM38B"
"3612","RAD23B"
"3613","KLF4"
"3614","AKAP2"
"3615","PALM2-AKAP2"
"3616","FAM225B"
"3617","FAM225A"
"3618","SLC31A2"
"3619","FKBP15"
"3620","SLC31A1"
"3621","RGS3"
"3622","COL27A1"
"3623","TMEM268"
"3624","TNFSF15"
"3625","TNFSF8"
"3626","TNC"
"3627","TPT1P9"
"3628","CNTRL"
"3629","RAB14"
"3630","AL513122.2"
"3631","STOM"
"3632","MRRF"
"3633","RC3H2"
"3634","NEK6"
"3635","PSMB7"
"3636","HSPA5"
"3637","FAM129B"
"3638","STXBP1"
"3639","SH2D3C"
"3640","AL162586.1"
"3641","ENG"
"3642","AK1"
"3643","ST6GALNAC6"
"3644","AL157935.2"
"3645","ST6GALNAC4"
"3646","SLC25A25"
"3647","AL356481.1"
"3648","WDR34"
"3649","SET"
"3650","LRRC8A"
"3651","LINC00963"
"3652","TOR1A"
"3653","NCS1"
"3654","AL157938.2"
"3655","NTNG2"
"3656","TSC1"
"3657","EEF1A1P5"
"3658","SURF4"
"3659","SLC2A6"
"3660","ARF4P1"
"3661","FCN1"
"3662","KCNT1"
"3663","CAMSAP1"
"3664","EDF1"
"3665","FBXW5"
"3666","PTGDS"
"3667","AL807752.7"
"3668","FAM157B"
"3669","MT-TS1"
"3670","MT-TG"
"3671","PLCXD1"
"3672","IL3RA"
"3673","ANOS1"
"3674","WWC3"
"3675","PSMA6P2"
"3676","TLR8"
"3677","MOSPD2"
"3678","PIGA"
"3679","PIR"
"3680","AP1S2"
"3681","SYAP1"
"3682","SCML1"
"3683","RPS6KA3"
"3684","MBTPS2"
"3685","FAM3C2"
"3686","ACOT9"
"3687","SAT1"
"3688","APOO"
"3689","HMGA1P1"
"3690","AC112496.1"
"3691","GK-AS1"
"3692","GK"
"3693","PRRG1"
"3694","CYBB"
"3695","DYNLT3"
"3696","RPGR"
"3697","MID1IP1"
"3698","AC091808.1"
"3699","GAPDHP1"
"3700","BCOR"
"3701","SDCBPP3"
"3702","CLIC4P3"
"3703","CASK"
"3704","NDP"
"3705","MIR222HG"
"3706","GAPDHP65"
"3707","ZNF674-AS1"
"3708","AL512633.1"
"3709","SLC9A7"
"3710","INE1"
"3711","CDK16"
"3712","USP11"
"3713","NUS1P1"
"3714","TIMP1"
"3715","ZNF81"
"3716","FTSJ1"
"3717","OTUD5"
"3718","KCND1"
"3719","GRIPAP1"
"3720","PLP2"
"3721","SYP"
"3722","PPP1R3F"
"3723","VDAC1P2"
"3724","SHROOM4"
"3725","AMER1"
"3726","ZC4H2"
"3727","TLE1P1"
"3728","AL034397.3"
"3729","VSIG4"
"3730","YIPF6"
"3731","PJA1"
"3732","CNOT7P1"
"3733","AL590764.2"
"3734","IL2RG"
"3735","ITGB1BP2"
"3736","RAB11FIP1P1"
"3737","Z83843.1"
"3738","FTX"
"3739","RLIM"
"3740","PBDC1"
"3741","PGAM4"
"3742","ATP7A"
"3743","PGK1"
"3744","TAF9B"
"3745","HK2P1"
"3746","BRWD3"
"3747","HDX"
"3748","SATL1"
"3749","CHM"
"3750","STIP1P3"
"3751","USP12PX"
"3752","EIF4A1P10"
"3753","DIAPH2"
"3754","Z97985.1"
"3755","GLA"
"3756","ARMCX2"
"3757","AL672207.1"
"3758","TCEAL9"
"3759","MORF4L2"
"3760","SLC25A53"
"3761","KCTD9P2"
"3762","TSC22D3"
"3763","ACSL4"
"3764","TMEM164"
"3765","GNG5P2"
"3766","ALG13"
"3767","LONRF3"
"3768","PGRMC1"
"3769","RNF113A"
"3770","NKAP"
"3771","XIAP"
"3772","STAG2"
"3773","ELF4"
"3774","RAP2C-AS1"
"3775","GPC4"
"3776","FAM122C"
"3777","RTL8A"
"3778","MMGT1"
"3779","SLITRK4"
"3780","FMR1"
"3781","FTH1P8"
"3782","AFF2"
"3783","SLC6A8"
"3784","BCAP31"
"3785","ABCD1"
"3786","SRPK3"
"3787","L1CAM"
"3788","ATP6AP1"
"3789","FAM3A"
"3790","IKBKGP1"
"3791","F8"
"3792","FUNDC2"
"3793","AJ271736.1"
"3794","USP12PY"
"3795","VDAC1P6"
"3796","PSMA6P1"
